{
  "confidence": {
    "auc": 0.54228193,
    "tpr_at_1%_fpr": 0.0065,
    "tpr_at_0.1%_fpr": 0.0006,
    "precision_at_1%_fpr": 0.4195121951219492,
    "precision_at_0.1%_fpr": 0.36363636363634716,
    "thresholds": {
      "fpr_100": 0.8307192325592041,
      "fpr_10": 0.9050485491752625
    },
    "per_class": {
      "0": {
        "auc": 0.47749080441388136,
        "tpr_at_1%_fpr": 0.0,
        "tpr_at_0.1%_fpr": 0.0,
        "precision_at_1%": 0.0,
        "precision_at_0.1%": 0.0,
        "thresholds": {
          "fpr_100": 0.7977408766746521,
          "fpr_10": 0.9121020436286926
        }
      },
      "1": {
        "auc": 0.4357389743151312,
        "tpr_at_1%_fpr": 0.02439024390243843,
        "tpr_at_0.1%_fpr": 0.0,
        "precision_at_1%": 0.03703703703703567,
        "precision_at_0.1%": 0.0,
        "thresholds": {
          "fpr_100": 0.8318133354187012,
          "fpr_10": 0.9039126038551331
        }
      },
      "2": {
        "auc": 0.4940267204319765,
        "tpr_at_1%_fpr": 0.02325581395348783,
        "tpr_at_0.1%_fpr": 0.0,
        "precision_at_1%": 0.026315789473683515,
        "precision_at_0.1%": 0.0,
        "thresholds": {
          "fpr_100": 0.8135603666305542,
          "fpr_10": 0.8838855624198914
        }
      },
      "3": {
        "auc": 0.47366108354011577,
        "tpr_at_1%_fpr": 0.0,
        "tpr_at_0.1%_fpr": 0.0,
        "precision_at_1%": 0.0,
        "precision_at_0.1%": 0.0,
        "thresholds": {
          "fpr_100": 0.8504895567893982,
          "fpr_10": 0.9067587852478027
        }
      },
      "4": {
        "auc": 0.5092405913978494,
        "tpr_at_1%_fpr": 0.023809523809523243,
        "tpr_at_0.1%_fpr": 0.0,
        "precision_at_1%": 0.039999999999998405,
        "precision_at_0.1%": 0.0,
        "thresholds": {
          "fpr_100": 0.8153390288352966,
          "fpr_10": 0.9156557321548462
        }
      }
    }
  },
  "loss": {
    "auc": 0.39178627499999996,
    "tpr_at_1%_fpr": 0.0002,
    "tpr_at_0.1%_fpr": 0.0,
    "precision_at_1%_fpr": 0.02150537634408579,
    "precision_at_0.1%_fpr": 0.0,
    "thresholds": {
      "fpr_100": -0.28561636805534363,
      "fpr_10": -0.13679678738117218
    },
    "per_class": {
      "0": {
        "auc": 0.5521483021483022,
        "tpr_at_1%_fpr": 0.0,
        "tpr_at_0.1%_fpr": 0.0,
        "precision_at_1%": 0.0,
        "precision_at_0.1%": 0.0,
        "thresholds": {
          "fpr_100": -2.141254425048828,
          "fpr_10": -2.108121395111084
        }
      },
      "1": {
        "auc": 0.4357389743151312,
        "tpr_at_1%_fpr": 0.02439024390243843,
        "tpr_at_0.1%_fpr": 0.0,
        "precision_at_1%": 0.03703703703703567,
        "precision_at_0.1%": 0.0,
        "thresholds": {
          "fpr_100": -0.1841472089290619,
          "fpr_10": -0.1010226160287857
        }
      },
      "2": {
        "auc": 0.504061366612206,
        "tpr_at_1%_fpr": 0.0,
        "tpr_at_0.1%_fpr": 0.0,
        "precision_at_1%": 0.0,
        "precision_at_0.1%": 0.0,
        "thresholds": {
          "fpr_100": -2.843331813812256,
          "fpr_10": -2.645836591720581
        }
      },
      "3": {
        "auc": 0.525964123242349,
        "tpr_at_1%_fpr": 0.02564102564102498,
        "tpr_at_0.1%_fpr": 0.0,
        "precision_at_1%": 0.04347826086956333,
        "precision_at_0.1%": 0.0,
        "thresholds": {
          "fpr_100": -2.5588841438293457,
          "fpr_10": -2.4737496376037598
        }
      },
      "4": {
        "auc": 0.4834989439324116,
        "tpr_at_1%_fpr": 0.023809523809523243,
        "tpr_at_0.1%_fpr": 0.0,
        "precision_at_1%": 0.049999999999997505,
        "precision_at_0.1%": 0.0,
        "thresholds": {
          "fpr_100": -2.4472265243530273,
          "fpr_10": -2.374959945678711
        }
      }
    }
  }
}